Domain,Method,Time (s),Evaluations,Success Rate,Recourse Cost,RCR,L_active,Sparsity (L0),R_SCM,R_0,D_M,Lactive p-value (vs A-CBFI),Cost p-value (vs A-CBFI),RCR p-value (vs A-CBFI),R_SCM p-value (vs A-CBFI)
[TOTAL],,,,,,,,,,,,,,,
Financial (N=300),Actionable CBFI,0.9561,342.9,99.1%,2.7135,99.73%,1.5144,1.5280,0.0003,6.5161,4.5601,ref,ref,ref,ref
,Untargeted Causal,1.3593,468.7,99.7%,2.6275,94.25%,1.5400,1.5452,0.0001,5.3513,4.4737,1.63e-02 (*),1.04e-06 (***),2.80e-14 (***),2.70e-05 (***)
,Wachter's CE,0.1557,500.0,100.0%,11.3275,77.52%,8.1356,8.1356,0.0061,2.0429,5.2452,6.14e-150 (***),7.91e-140 (***),1.35e-141 (***),1.49e-22 (***)
,SHAP-Targeted CE,0.0951,395.3,97.2%,2.3254,94.37%,2.3756,2.4434,0.0412,1.0980,3.6949,2.31e-69 (***),4.89e-32 (***),2.51e-33 (***),8.43e-65 (***)
Healthcare (N=300),Actionable CBFI,0.6257,250.5,81.3%,3.1292,96.52%,1.5944,1.9604,0.0186,1.0846,4.3914,ref,ref,ref,ref
,Untargeted Causal,0.8786,341.4,81.2%,2.9681,92.47%,1.6244,2.0000,0.0187,1.0855,4.3496,2.38e-01 (ns),8.90e-24 (***),1.86e-06 (***),9.95e-04 (***)
,Wachter's CE,0.0415,500.0,82.6%,13.4170,75.33%,5.4833,6.6420,0.1782,2.7758,39.8763,7.75e-139 (***),1.55e-108 (***),5.62e-88 (***),4.99e-11 (***)
,SHAP-Targeted CE,0.0180,343.0,78.4%,4.2342,90.20%,2.1133,2.6941,0.1728,1.4725,18.0920,6.16e-52 (***),4.43e-45 (***),2.52e-09 (***),8.34e-58 (***)
Overall (N=600),Actionable CBFI,0.7909,296.7,90.2%,2.9009,98.28%,1.5544,1.7229,0.0083,4.0679,4.4841,ref,ref,ref,ref
,Untargeted Causal,1.1189,405.0,90.4%,2.7804,93.45%,1.5822,1.7494,0.0083,3.4359,4.4180,2.00e-02 (*),2.44e-28 (***),1.09e-16 (***),5.54e-01 (ns)
,Wachter's CE,0.0986,500.0,91.3%,12.2724,76.53%,6.8094,7.4601,0.0753,2.3743,20.9061,9.98e-291 (***),6.88e-248 (***),2.77e-225 (***),1.38e-23 (***)
,SHAP-Targeted CE,0.0565,369.2,87.8%,3.1778,92.51%,2.2444,2.5553,0.0955,1.2652,10.1239,1.20e-118 (***),3.02e-69 (***),1.82e-32 (***),2.36e-120 (***)
[BOTH-SUCCESS MEAN COMPARISON],,,,,,,,,,,,,,,
Financial (N=300),Actionable CBFI,0.9565,342.2,100.0%,2.7135,99.73%,1.5280,1.5280,0.0003,6.5161,4.5601,ref,ref,ref,ref
,Untargeted Causal,1.3608,468.6,100.0%,2.5865,94.78%,1.5482,1.5482,0.0001,5.2339,4.4391,6.84e-02 (ns),1.04e-06 (***),2.80e-14 (***),2.70e-05 (***)
,Wachter's CE,0.1559,500.0,100.0%,11.2758,77.58%,8.1076,8.1076,0.0061,2.0289,5.2354,1.19e-148 (***),7.91e-140 (***),1.35e-141 (***),1.49e-22 (***)
,SHAP-Targeted CE,0.0953,394.9,97.2%,2.2828,94.60%,2.3688,2.4371,0.0303,1.0720,3.6654,1.10e-67 (***),4.89e-32 (***),2.51e-33 (***),8.43e-65 (***)
Healthcare (N=268),Actionable CBFI,0.7304,292.8,100.0%,3.0872,96.55%,1.9547,1.9547,0.0185,1.0658,4.3883,ref,ref,ref,ref
,Untargeted Causal,1.0147,392.2,100.0%,2.9502,92.65%,1.9986,1.9986,0.0188,1.0680,4.3461,1.77e-01 (ns),8.90e-24 (***),1.86e-06 (***),9.95e-04 (***)
,Wachter's CE,0.0436,500.0,99.7%,13.4167,75.28%,6.6703,6.6887,0.1775,2.7396,40.7029,1.32e-120 (***),4.85e-108 (***),2.01e-87 (***),3.09e-11 (***)
,SHAP-Targeted CE,0.0184,343.0,96.3%,4.2105,90.36%,2.5962,2.6961,0.1709,1.4652,18.1895,1.44e-50 (***),1.28e-45 (***),4.46e-09 (***),2.10e-57 (***)
Overall (N=568),Actionable CBFI,0.8549,320.0,100.0%,2.8814,98.30%,1.7198,1.7198,0.0083,4.0669,4.4829,ref,ref,ref,ref
,Untargeted Causal,1.2053,434.2,100.0%,2.7499,93.82%,1.7506,1.7506,0.0083,3.3618,4.3973,3.45e-02 (*),2.44e-28 (***),1.09e-16 (***),5.54e-01 (ns)
,Wachter's CE,0.1054,500.0,99.9%,12.2365,76.55%,7.4617,7.4710,0.0737,2.3478,21.1497,1.00e-266 (***),1.94e-247 (***),9.42e-225 (***),7.30e-24 (***)
,SHAP-Targeted CE,0.0607,371.6,96.8%,3.1447,92.71%,2.4710,2.5529,0.0885,1.2478,10.1587,6.32e-116 (***),1.04e-69 (***),3.98e-32 (***),6.24e-120 (***)
[DIVERGENT PRESCRIPTIONS],,,,,,,,,,,,,,,
Financial (N=73),Actionable CBFI,0.8778,316.0,100.0%,5.7833,99.71%,1.7439,1.7439,0.0021,16.2610,6.5142,ref,ref,ref,ref
,Untargeted Causal,1.2789,455.8,100.0%,4.4027,45.56%,1.9634,1.9634,0.0003,2.3133,5.1974,6.98e-02 (ns),1.91e-09 (***),6.37e-14 (***),6.86e-03 (**)
,Wachter's CE,0.1689,500.0,100.0%,10.7823,80.49%,7.2927,7.2927,0.0021,2.7111,5.4786,2.59e-15 (***),3.81e-09 (***),4.78e-15 (***),7.78e-01 (ns)
,SHAP-Targeted CE,0.1039,373.6,90.2%,2.3174,88.77%,2.0122,2.2297,0.0396,1.4504,3.7391,1.06e-02 (*),6.24e-03 (**),9.63e-06 (***),5.42e-03 (**)
Healthcare (N=112),Actionable CBFI,0.6334,278.3,100.0%,3.6939,91.66%,2.3117,2.3117,0.0243,1.0265,4.6375,ref,ref,ref,ref
,Untargeted Causal,1.0549,441.2,100.0%,3.0432,73.09%,2.5195,2.5195,0.0252,1.0363,4.4374,5.52e-02 (ns),3.86e-19 (***),4.35e-07 (***),2.50e-03 (**)
,Wachter's CE,0.0441,500.0,100.0%,13.5398,73.01%,6.4286,6.4286,0.2165,2.4702,32.4340,3.42e-27 (***),5.07e-27 (***),5.80e-12 (***),4.69e-08 (***)
,SHAP-Targeted CE,0.0190,343.0,99.4%,4.8159,82.79%,2.7792,2.7974,0.3073,1.8354,25.3167,9.02e-08 (***),1.76e-12 (***),1.25e-02 (*),5.24e-17 (***)
Overall (N=185),Actionable CBFI,0.7183,291.4,100.0%,4.4199,94.46%,2.1144,2.1144,0.0167,6.3199,5.2896,ref,ref,ref,ref
,Untargeted Causal,1.1328,446.3,100.0%,3.5156,63.53%,2.3263,2.3263,0.0166,1.4800,4.7014,9.73e-03 (**),3.39e-27 (***),1.18e-19 (***),6.67e-02 (ns)
,Wachter's CE,0.0875,500.0,100.0%,12.5817,75.61%,6.7288,6.7288,0.1495,2.5539,23.0681,1.17e-40 (***),1.52e-37 (***),1.27e-22 (***),8.87e-07 (***)
,SHAP-Targeted CE,0.0485,353.6,96.2%,4.0014,84.74%,2.5127,2.6123,0.2200,1.7099,18.2826,6.44e-09 (***),2.59e-04 (***),5.00e-05 (***),6.46e-21 (***)
